x0,x1,x2,x3,x4,x5,x6,x7,x8,x9,x10,x11,x12,x13,x14,x15,x16,x17,x18,x19
6.498739198596942,8.406989544307239,4.713582057756947,6.493602508071744,6.607969864318774,7.74418060971203,3.4961232119847088,9.66795134562923,0.10623773310006523,7.188595812414164,8.285328248622298,6.600955767960729,8.645459862034592,0.5410207703094028,6.5633079553824505,8.721518583223686,9.122011034927775,2.9732821562128797,4.3146638736813365,6.480250149631315
2.730911596226565,5.6692672545233425,6.701859651404117,5.318473831379345,1.3002512424945045,9.461007052303462,7.408164223305874,1.6301774941130687,4.487155558078228,7.751050321955172,7.02892059878798,1.3562402040653843,5.23833596958881,6.182235744943387,6.513608447692754,0.23199286058796842,8.085755199320015,5.8233258398319245,5.955163415518269,6.450006755505603
7.5184059227757185,6.220664709844178,3.9311214740620093,7.098151880184757,6.460488246797292,7.913902930731972,1.135149977665566,2.6286888391293783,5.2620083124904315,9.715055837408809,2.23092257232264,7.715392707727452,9.916700226200327,2.865231979896593,5.257184149329129,3.459530385154629,0.31012561080674184,1.586713850199618,2.5101265895602975,5.287179008074703
9.16512030465096,7.267717866785038,2.38320088643082,8.666786849407021,5.088436057443534,1.9382986976806127,8.57180574870686,4.491432131837909,7.096314194987611,1.6571906824796123,1.3158873608533506,1.7169021737520107,8.574550963207129,0.8065320016141075,3.419764107757114,9.17793280248661,8.141460907926735,6.453612906412072,2.0644215400920487,8.42560329456724
6.8088392289178685,0.5342285234394673,3.3999408146178487,4.389651027556054,6.11542971416419,4.735007535355262,0.9982603397775425,4.283317793354847,5.333390958630114,2.655743914634746,4.334369818294176,7.630404203669392,6.959204827639866,9.251553838198825,1.4359373972708167,8.123154215418731,9.799006933633363,0.8422224747792328,1.2952834656440682,8.464775256179465
8.669586933739804,0.20627056689409784,2.3847994898844194,5.585178740022712,5.698435180402017,0.3374496573015695,8.52627715567471,7.805287873761667,6.200333514909595,7.089808656388148,6.436843942531047,0.3115892291422273,9.145907019783511,1.9820683806779416,0.5054208628798851,2.2384245029081375,3.5752104080099234,3.51959462827659,1.591921766585278,2.015765348143458
8.672150243963046,3.269300006228306,4.401281064754537,0.7109193849607687,9.676225826751386,4.076166396211835,1.7646277010250755,7.145642600994588,0.9605640138845994,4.556562699147138,7.31628353011176,8.766915143302894,2.367766350774371,5.670579203640843,0.7394562358365053,4.218230069621844,1.6752977802875624,1.2519048434925795,9.479692599313047,6.734192903009805
5.21437107834786,2.1102331974382817,9.072157687224948,5.7600164566388194,7.44522420877341,0.32746394792015243,6.870898867879912,6.503669910970923,9.288707160404124,3.32409238500892,8.566230294607976,0.396369293844111,0.12801673222239351,4.076674409360182,8.796759671697723,0.2098000208596662,9.450006818847015,8.02942258470956,7.180445705794948,4.809418213754784
0.7384082848770601,5.705672311057237,9.406577861773334,7.1662966208985726,7.019630969599948,3.090926100329864,9.057490191925574,2.7210692686172733,0.7053317280904037,4.129028195547134,6.904509715861723,9.119091403155583,4.212857639528746,9.313146745655692,4.9495665386298935,2.507357161410766,6.20590028776075,4.063277641142457,9.7365491382748,5.1841461789073
7.479038867733215,1.7725886949977232,8.445874464908984,2.2190627716802536,0.20911649245287212,9.37170678988453,3.5982773580543737,9.36467253487004,9.227891536850839,0.5449959234627766,3.7230156303382547,3.628306026724238,3.04639391019214,7.694082059593381,0.8660638788689434,3.667561982788483,0.2551177133534399,0.8236470312081112,4.303528317398991,7.136788666592743
8.139965624953327,3.639180207178283,9.663026346613105,2.5088779803269565,5.219643839835538,3.9818875272615903,9.506393432860262,5.569031041501907,2.117715313686089,0.4930769079835007,1.938717358360752,3.6754009807161028,0.1722565717206026,1.7324589107936106,9.80242262674823,7.4591830613621815,0.7085585786981408,1.469835737944638,0.3616068833079067,2.8565060662313533
8.637073202373937,5.768920263429541,1.9604087214489851,9.574869407028896,7.090178379262611,9.446847867141395,7.871422202976057,0.2936282673805579,2.034023014032962,7.069138366494227,0.9321531876716116,3.985039968618472,4.611423524952377,4.6454973928409,5.84385697651517,1.9041111270032496,6.295299401034234,4.6507957924314365,1.0624489735698162,0.6781741298758137
0.881369660419884,9.633903548492729,9.294812625572941,3.199185601466618,3.8061184866368936,0.1300875760938225,6.029503171742992,0.35295166316656745,5.26744833337328,7.528067641920399,4.631481690110765,1.8652265654472477,2.5959221706582056,8.638744485168964,0.3723374608152974,1.8954939120668035,5.750341729589307,0.926016964205868,5.667142036472242,5.2560074794167155
9.730785827690847,3.4347228211446645,2.9669432609339905,3.4450378238053405,1.653795807321381,5.948619890233146,4.881624687010852,3.7994107185162687,8.801286415824126,2.5632444549090216,6.717613542326308,8.984208072946227,7.08203493895292,0.5165009677261223,9.028712566916417,0.4947519173973447,3.1107348315554875,3.4817184095444187,5.695273755945919,1.6474080122958779
9.334455508818635,6.515272962662632,5.873828445207367,5.7897578975148924,2.827520297363302,9.833929274436324,0.669708934816925,0.6531730506682676,4.401930974994336,5.063688372707475,2.4405829685230884,4.685105694618285,3.7364883112703873,9.129231296986084,3.5257570416939545,5.660464472210251,4.899485289010546,9.998403561477932,7.35990303008734,6.9130729173115775
6.651295877733342,3.43340001959457,7.277645644042037,6.4276623721973305,3.694323643105127,8.324103262155592,2.2921856833834084,6.965614917302531,1.4172883646760936,5.698325377574487,1.3480388594358783,4.84929828180757,7.44426977477994,5.0392423368639205,8.440362789698764,5.505242234305449,8.31142099661265,6.848436108223185,8.999139611967026,6.80663863261354
3.4868286461474494,3.325593900010851,4.523063244756196,1.028208273427632,9.99275678092958,1.5140926656315956,5.8117689161872645,9.435659466186104,0.38995554786909525,4.104052029929636,4.962915356608311,5.4352680733091745,7.817277851828153,2.6323941244655726,2.0307272221536907,9.439926846379912,9.478941418703528,1.2833190048762089,3.1824767265304654,9.107120412853373
4.2614737302021,3.72680480551266,8.97464461246952,2.41991897260035,6.074707066852476,2.7448140510049646,1.4317885613393933,0.3407727412460093,3.58612387613562,0.6653439759169477,3.438730958153031,6.472458361451331,6.043876304521123,3.173573088784539,2.3641862523339494,6.25120909912384,4.566326743183802,4.3297693586916335,2.694369316412538,8.658899348287507
1.6125827025586947,6.270198557038022,7.347577261507098,9.803203717527008,9.784707136433031,4.247695191325077,7.453098562429128,6.082832176563642,8.406430898746638,7.203241140422506,6.253713944665597,6.847541913611548,9.961699950396648,2.298965305846182,1.056865597709653,4.3420994930173205,4.775943675841012,8.32824334491783,6.259434208377201,2.634429087778588
4.728754748536248,2.4166689643073767,7.641586660926017,3.495533146065022,0.852919147446588,3.350308794575013,9.171540975300655,6.004367314837675,8.4393971338712,8.186766846692672,6.833316410020004,1.1090227666513652,4.0907447544331665,8.421145188474327,2.5632574053365884,9.27199962358734,5.751666930148693,5.660194225063932,2.905290950750005,6.7719346009268735
0.8275772872390208,5.181573150610653,0.33465641489363596,8.30496623129845,3.358804018595254,0.802550475924585,0.8637134260842827,0.04989109673550929,2.094183540587977,2.3447727159118292,6.5645258332617376,3.5717434461608666,7.895345914837656,0.44440691729206394,3.3168180547108905,4.419872745305633,2.3967548499277536,0.5849396271236906,2.682860632183756,2.69552965639553
6.345925082593138,9.665785546243793,4.4824873285104765,5.2225095195109645,4.763575840359733,1.4158485108476004,3.4268327187813097,0.48408184129626775,6.382629521652089,0.5855962107856427,9.461272845522721,3.5477508116470524,6.420127921214335,3.3281505936880427,2.232394901359295,7.575377571691391,5.782018976918097,1.816572972357312,7.079705053550511,3.6204419321116377
6.0189426144978375,6.7738491804601795,5.447166192432179,2.607650030804738,3.651346278013153,5.244538173844784,0.39659113092020193,2.26872397556534,6.811778990987838,7.863575942499747,0.7291909223571269,6.723764306969473,9.690709875511066,1.1876745967269964,7.1573995058310205,8.04674394995384,4.654997457713861,0.7546117693885412,6.349920273077835,6.977247570651086
8.585261931197879,9.48857743718069,9.465963661370104,9.483015442004525,8.488610959687296,6.030217633395245,0.12058028637086049,5.551989974030881,1.1917327103048692,2.7974154618180345,1.3625969806197835,1.880372796814579,7.722093553033814,0.6741221220574056,0.47827156585702246,9.387806228462786,9.172823595477976,2.1290313077222,0.8459277538034649,2.835469298938217
6.377420108546187,7.150961712477085,6.463066456496303,9.105100597607715,8.70842240261677,1.2987983203561837,6.634699198124552,5.0157889174688535,5.7701575054840815,1.6381160848958531,0.27616178089127086,5.6832651275298,5.938402150268126,2.8448433637518287,3.817303651943548,1.2640143042415042,0.09317650999349891,7.276336188602164,2.165841838504312,4.6053921210958
7.489849496176034,2.027247592551682,8.330198450831599,9.47714794536751,5.896850309585551,7.995305378418312,0.23557482649032901,4.1233782375672,9.126981285952224,9.466407047986515,5.514331261099333,4.1609116461176745,5.649272392023943,9.960046543584486,8.010528723389326,3.890024689548768,5.685453859738427,6.241949636682316,8.816972678107575,6.357736245161517
0.5201790877371693,9.483944130001591,4.979893310759543,5.990999422280646,3.471420791050618,3.1762750604177437,5.4167721484448155,2.101128775810711,4.030535138308961,8.37036324773062,3.031212445454451,0.6340683520976664,4.524318384566222,4.127297466820233,9.42089580720493,6.166897458420587,9.38164645219936,5.232763697858649,7.503138745242532,9.188974655686135
0.15813067440954787,8.882719588563454,0.6494729152971568,7.7111749918236185,6.788048045549598,4.468357917160207,5.404049451203714,7.093668561986117,0.16389367707099867,1.9419729626657056,1.7526089545556112,2.6894399608794117,2.4108455851810406,9.96548281837087,8.520001857753932,6.356770298072858,3.9095274654424172,8.890109308485425,7.3484448080112506,0.6753091275170064
5.518121347508968,2.2514738250294353,6.872439337586174,8.45694930719409,4.576181118464032,7.373697820074755,9.036524130567788,5.111806959456536,4.437777837612168,4.370665188715572,9.952493770835519,6.190271142700841,2.520280911577708,2.6974400025070877,8.37347050783378,5.624483121328005,9.39532235476851,6.395333781398362,2.9960397231511218,7.027957767899203
3.834117526933243,5.348113562047376,4.706983929783506,1.459700427969829,8.572854036794977,1.8549015389380397,0.989418303191858,9.491939026317798,8.955454007046942,4.874459669224351,0.26898328869616517,5.2735765149862,6.948505000062601,5.163085298712567,7.540498430557122,7.657380826048238,9.913535303338358,9.609255937826147,8.371945875736074,3.4503599924164186
8.052336185398243,9.52261454992301,4.928048294741202,0.15325674210936557,4.052594144094092,8.251352531930113,9.345585514047999,2.6932528063832772,6.780560559956404,8.89811750361584,4.26383666816558,1.3292784854264361,6.028029997882291,8.200618797347254,8.890113953608429,1.1787160210517222,4.619295852838584,3.002522566055086,7.180438835389649,4.522503455284359
2.5032282798145964,7.336228421223295,1.5119376752743985,3.6360860429358945,6.335434349887206,6.869744881408265,7.088938006184311,5.538942330590917,4.174020601549724,8.960690759353248,9.706973041504142,2.290738613513703,6.017744035490393,8.947930555214269,6.8774865938888565,3.977705417621087,2.6755950991422797,2.671265644727293,2.2627295826072293,2.030233986622163
8.506620505040956,6.43354197517357,3.6578306995071674,5.69578190908865,0.5695165151819015,3.8847181590348145,2.2303770697340033,4.984567742833951,2.827092871800386,2.141753400314247,4.552593378787549,0.6766284499623065,7.122776464148353,0.23153732821406425,1.8768569811251945,6.161776787564952,8.266726200981987,8.878175104889682,2.5499419577138474,0.20010312926207918
3.048247309163181,3.8035333369763347,6.753508561385939,4.999169201194937,6.0907160079293,3.0120155340545463,1.0192019989406642,5.967635320581,6.598885971386201,8.582193436645017,0.7445033438057846,2.2166762226731596,5.6339982269068765,2.4349084414641875,2.883752067357878,7.483936711586647,8.667759390726452,4.246803204516287,7.320067502446916,0.19596053616772746
9.516909317742055,1.7779704257492457,9.954205881388335,9.976501374357952,5.5607569290783925,7.945729251719179,6.665910941801875,1.2686937421700628,1.2266618699952203,3.677987997535329,9.14698380968938,5.5450734367441,3.396831953454634,0.240416372506016,7.279617674596352,3.753659080407502,8.033865604303474,3.125470181043326,3.411611354783176,2.284359576438323
5.731319337937011,4.917667051717309,2.345775631307261,5.976954413520559,2.4165044603755845,0.5366764845665839,5.957905099101989,6.7864386826975505,8.126152259510643,6.473786567182888,2.3346417441021474,5.514393635662787,2.518036759128858,4.738190616959286,7.72660559451416,8.454616982519227,4.374142039481496,2.7643511378682915,0.19424971395200719,6.374411051690945
6.667555090724418,2.125204074243011,3.061701229947843,9.30428538397219,2.4340659990673097,1.703775792243648,9.783188896626688,1.0390525704771758,7.36654107484304,9.877688701820961,2.9204880309767747,5.048518697443961,5.049431732548446,2.8436197426304877,7.848970931676698,6.992594452653908,4.741060025411146,1.9523771933970124,1.623695766342086,6.366899309911331
3.908442600731876,9.077299268254844,0.5506546770043885,0.379485701672716,4.14072140578297,7.860519523409904,2.2696499993596886,2.073938330950813,1.7690098808132348,4.206329247026913,6.768633192690569,0.0016132635836751952,6.186037917525392,2.5945760184488864,0.9872101072055739,9.863497334797403,5.737871704707073,1.4322455296718184,9.54779951696381,8.666370876562253
3.989940687564242,2.7333718585185194,7.617059241342926,6.7700553067791605,8.62781726999454,0.622964675385802,3.4942340030117203,4.167450447677456,6.553961073129408,7.901193460169509,2.9503406046194023,9.252044069019986,9.846435074822327,0.5506007945014291,4.820034071022356,4.307556080245955,2.2207736429283442,1.6957792490849999,6.802906300836849,6.2969175430979245
7.292632517969345,0.5229006216001109,3.5284061768377284,3.3677558575400903,8.569950660355858,9.982210098784854,1.5370868379603686,2.7896646411984047,2.8240557008359524,7.618826907880438,8.312048964658603,8.51493975278138,2.6474076920294087,0.12243801904950113,5.394063791876517,1.543458387298794,7.519723472047008,5.994756964842798,8.830383485912842,1.111194818367528
1.5695553063600598,9.492448295944149,4.902133753643153,1.7453963110651871,4.809324574077538,4.64534245179037,1.6065590207036229,9.459139243259791,9.984200468785607,8.282350744131557,5.226232785327083,0.858858996505496,2.755147098816467,6.126270676330211,1.5171649114093522,4.988963772770434,7.916490789257403,0.8080530176043033,5.650081058094729,4.5071765860504005
2.8029754253778725,3.397515701307501,7.335480616878502,1.472740010226542,1.749334933748371,9.650053416141834,1.4913645434853018,9.859133870743387,0.024368486295506253,1.5089786077427736,4.459682873160661,4.2415608241439005,1.9036330988272243,8.92838056107603,9.31758794515343,7.017171879550182,4.92194853398797,7.303064409446489,1.568055733088124,1.0056094477004263
7.797269319502613,6.272720448168371,9.366056756923664,3.84818353283097,8.169315907373873,2.7414579405449766,7.752216791094027,5.970613909876267,1.2109302582625903,8.092314074561026,6.945205883886527,0.08652255114819374,5.334338240990304,4.8246943867460255,0.8315226638167461,7.761259692217123,6.158926564312331,4.149891860138723,5.847104011713425,1.4426255336405291
7.860205116396655,0.4164551322088583,5.208950766638898,9.878268009636104,5.2197258434836655,4.424824324394084,8.279719453960313,3.3758391981119784,5.002895824695001,7.936273077915007,3.9663832883710857,0.011232948432261525,2.186934003767939,0.8715882230514072,2.353591880941962,5.254248271523724,5.042791973286937,5.433394950960352,3.640403846724094,5.449832713576193
8.408455038107919,2.570440098881286,9.340243462025876,0.9474239511556948,5.812094254984984,7.177954962566925,5.588315908253666,2.0464675756165853,2.693653275163854,9.094668775006996,4.389181790929403,2.9882634174866487,4.867374771396844,6.1036563632112495,0.12396740309019605,0.021077616046885073,8.025162625896952,1.1498758129959485,4.715263264389532,0.6125084436758466
8.62078004825806,1.5290891290101827,5.312142032214785,0.29031913281862054,8.914478204359202,5.61713661292988,1.0526662103481543,9.444520239761998,3.756245067096451,5.424269693256526,9.181446477916111,7.123432783947001,5.612559745852551,0.7814277793854052,7.091698281894284,7.040901043133684,4.925921887209277,4.313776576167722,5.4967695159215015,7.9325529571683955
0.9366979856514723,0.09269204724248303,1.4523447887169239,6.210367051486536,2.923360540354375,5.995043996923805,0.6296569400246588,5.993277563860598,7.122763756910503,7.327176618074871,5.433035128790523,0.24692630306717311,2.1914421036235856,7.270205345419372,9.844824805661803,3.9786306912976754,0.9575536663061679,3.226153666908045,4.825634386578972,1.1934039613433023
4.999706700900676,8.34894942661289,3.163066141937747,5.331047836581884,3.981483874977796,6.224885841088654,9.28674059307079,3.540796030566683,5.3718504131429405,5.111090145576047,2.036113193007927,3.5366217095315875,4.811250642407627,7.111953155210713,7.97123984858222,1.8802223335625312,5.950282405628501,9.114590519308868,9.10950921769125,9.525832767398283
4.8185642180610735,5.203509154552779,2.4242844092292692,0.3128289000890172,9.34255004125651,9.23560956755362,7.799733003240258,7.0825011002403855,1.8186361875850443,5.6056071891922095,3.548573967683246,6.551795986354475,7.903822500373009,8.632179280586197,3.785615816899014,9.102293902219827,4.0617550535524805,7.883304329994897,2.924902693519218,2.961059841456647
2.1219956820349473,0.4267762008773257,7.57106887789182,2.3496730863094473,8.789053881707465,2.2413738486632004,1.157266219907942,4.6573514102467435,0.4385777499337806,2.618889168342519,0.9465070413155297,4.787810985822068,7.403467885384192,7.422820619087766,3.444835691583749,5.2271947726501935,0.8162908059411633,7.673407862939975,4.347470693896004,5.847347550756253
1.2190687408694467,0.2784197834070068,4.957703258106598,1.3082969326479243,6.151650637634464,6.370810614345651,2.1274958233982098,2.168830313060174,0.834506505170346,1.2684568684063668,4.535364957789755,4.938496647507292,0.6056588090219195,5.609008055602142,3.0123554249894804,0.5215313856386794,7.4154299747238985,4.910318876731959,2.171688015389235,4.39656608542287
8.31122095007233,0.5449160745943893,3.317959330381438,2.3240413903211543,2.583376574429972,0.5456101316133266,7.282933099365389,6.957371465806087,5.085229080019774,3.0857184473410393,6.452963509389148,8.65319635591614,1.2675183156029657,3.1259428830339084,4.9734422635677555,4.120357269154169,9.852631439901973,9.070188426442666,4.1795050999735075,2.414039759767995
7.506362160169978,1.3668408167893653,5.171370821775033,9.479734165060998,3.9627617329365705,5.1752509908665765,6.305820893305219,9.255187455434285,1.3094013032907903,2.8965991609600508,9.676484260655991,3.3550949647143105,4.134191755541657,4.531190285685739,5.485068564605033,8.423295631669847,1.4701344030793406,5.872360965411456,1.4895746182350778,2.310558623518688
7.434174651699667,7.319234854441139,2.1598363053222016,0.25853785416011354,9.687845637962129,5.310630075548017,3.189137118729297,1.3475173401673446,4.46123763770883,3.4626116548905395,2.0011058709254934,9.681223798526078,5.129231489173943,5.209850091243312,0.21370654308243253,5.319184636000003,5.301125494873665,6.676885146008389,7.340581162436846,9.809483770868686
8.486970991552482,2.0341269488315197,9.011189438283047,5.688391881440769,0.7750536943678588,8.236085013680249,5.033910150958452,5.220153765544875,0.18370267222298065,3.067492837604311,0.43681749410943493,5.779486489239243,0.3992973526894983,3.705249454706939,6.410904071770131,6.6429961649071725,0.9775039571405364,3.6121373227950127,0.8982782401454836,3.723949249798588
9.998936205497355,2.777521521025844,8.370299075616986,4.758610005518765,4.765828296746921,6.936293054270371,4.330935550165832,7.072339107809888,2.2036381784485473,1.070268660322059,1.2829690337497413,1.7225062052577256,8.851709476886443,9.283773811931667,2.245717711706553,6.66102522712505,5.180998006401069,7.836652615270353,0.01911682141317761,9.109919240349178
5.331899293635586,8.909272842182343,2.2610544151884158,5.512949904464128,2.574033648841294,7.59509439143579,3.2817283483900184,2.6574529905750777,4.90544037368676,3.8648464490000167,4.578532803887802,3.4938420573395055,8.017532803122911,1.6683040059894783,5.361849996957102,3.2437085571366975,6.352526576569452,6.803041651743058,2.5508042153159916,2.8719093670074813
6.905605635222272,7.126775403572948,2.7756526680282168,3.5185749847222327,7.963656307803477,4.617438691232959,3.510018323064604,9.74683685348395,8.377428915636537,6.15057638551535,1.0848262472465553,4.893907322189182,5.385291917484912,1.9906667454312976,6.03127157612799,0.001206598708078932,3.969364547831792,8.48214417550241,9.839281762522933,1.5162578086005707
5.975091079450588,2.772491487288622,7.0572020105934055,5.106898475475723,0.4717333098758303,4.7140169854043155,3.1617324800874247,2.0504017797029137,6.6981201902514815,9.815322653072423,2.906862584274342,7.057366908045529,9.648325944628274,8.963079430313904,9.269316475994465,8.020902549193234,4.552691470475382,1.7924863693573778,6.924595154347201,0.2641726252543841
0.5858415920959348,3.220573908343699,2.3434220656199587,7.619114675294703,4.257893009012827,2.552142103524091,0.09709366009283849,3.192929813934744,2.7446391644491386,3.4615270560086864,9.052158112100804,3.8541258450274354,7.97767757085423,8.333277473045191,5.767296041544659,5.082631940845305,8.298389908461113,9.880648155686703,2.7129128635606667,6.739528341994406
9.28422317133416,4.2868952581649475,5.148017444026562,6.909930613526443,7.909712733434729,7.740395118720609,4.435252947978698,7.6447323642050415,0.8708944444873623,2.1670349037518766,4.755410327469364,0.3651578365805197,3.2873635584245484,4.860830699203947,1.7100654884028454,7.355425452698324,0.16805279478380286,6.358329691377948,4.374651057415678,6.880542138384131
1.615800329038145,5.191725736291929,0.3472546500848894,3.297479569883307,9.625014605050572,2.5980859810082233,7.281332915248916,2.4766230949990353,0.3029074284604416,4.114612266629881,2.890764122861765,5.139261586971643,1.5103381233345214,3.0701120350516717,2.8177385371672514,4.302228988537924,0.3370371418689566,4.673830916015128,1.2013324171042428,5.985843372508677
2.5199307797261286,4.697642849575087,9.62214323817723,5.680896845145105,4.948115661726296,8.593330735375527,6.91554806180076,0.5721110612001556,7.4907125732374,3.6549456939931635,9.93951953196299,3.3933437925554433,7.5911993587305195,2.6950008891091883,0.7526478423484106,6.618684613317541,1.4450148691753217,8.374172817711287,2.038529167358565,9.732643055294535
8.656621052009339,5.716188262453504,6.149489374160629,0.5600705840078612,9.485703786350545,3.3170276686827727,6.660978856096352,1.772009279500325,8.170301758928828,0.03885102483235592,5.203606864355269,0.061444619673882706,8.016028143903178,0.36783055734958214,4.002418403211465,5.542607932531938,9.107973491460907,3.3459678216947553,6.243387969584424,7.317781099549112
0.5851799671559688,7.369948590066495,3.159413391804601,6.209736619746387,2.09045568380935,2.577507060053361,6.625130966718481,0.40495752947158903,9.484249894896472,9.212016419162536,5.628838615165154,5.472811088845474,4.9328649841488055,6.7574131734225675,5.260149226685513,1.7298625572919257,3.5391647791374723,4.814758714238417,8.833603635648014,4.267541236858997
4.759680421772869,8.079722848885226,7.82314928855469,5.083408446389177,9.34467052860991,1.7565378904329088,4.898259935214778,7.232453733159755,8.768524991730914,2.9693123583461043,3.281815811786022,9.440935431167851,9.938280097767304,0.14669678129882624,6.494496884652791,8.206752296740127,9.942787674898552,1.6780608961429433,6.874014922271478,4.368626088134641
7.23443489192796,7.602092423780814,8.666788394698163,2.9750925908988846,9.15243768644408,3.0006289140103917,0.5856949042056325,7.8527340261232235,6.222990416374801,8.198954784184465,9.077424931214164,9.417962972052988,4.2213295900941965,3.502983427638642,9.614844494358476,3.052725739746834,1.437647015555491,9.101626014583893,3.4189292514280014,5.369125377258816
3.516771118389437,8.815262257633417,1.455857562172086,1.2677840521752748,7.030367507157972,3.6148633167501965,7.902328510310968,5.475477910161751,1.6772635408384584,5.661189506207352,5.357594846663312,2.6121127775325306,9.583240333555512,2.50711156750137,7.545721205558107,0.3845564871302509,0.2628500673533962,8.576031742939518,2.5341048261341292,3.1435826122446073
0.5394620399588901,9.964291009872932,4.65320544412651,7.629009717069781,6.38249685269781,0.12296485874748742,3.6487548872187925,9.573004070030764,6.493866765619894,7.9204551715507945,0.038177579484499624,6.39546511115777,5.549399202488662,5.052381334672685,0.018214349718441714,2.217040640182537,2.779408076328098,3.4983662152350012,0.6457070331304904,6.3682838085108076
5.635014998959314,4.177498639390926,3.0899961662583264,8.87422000313655,8.20668243700266,8.28462702742726,0.349527749046189,3.0601485539898556,8.50300612504829,8.755640012254876,1.5706773484911196,1.302308759046995,7.743665184976802,6.453287550805463,0.005501540544647909,0.19905157436141963,7.9166250632382615,0.6661013589568532,3.2224963501802826,5.005195320783863
5.202139316619227,8.6601333020513,2.044055587252264,2.4270914446799843,2.7242719430012894,6.460942307376152,0.8318205659301381,4.11103325083592,6.70667995288818,8.477629352073144,4.325728707632344,4.628782429200918,0.7417006524490521,8.33431897235327,0.3181213734429811,3.399050490895478,6.382235231934037,2.0405058047994364,3.0230275544821597,9.256184273156725
3.205608584562821,0.947535559015994,5.136607738394224,6.7575961366971224,0.18033291456724165,6.596619496467573,1.106169391480557,1.2793701477832753,0.8188134974232464,9.352945467983808,8.55196494661543,2.1815321655469235,4.546517185422228,1.9357996266568134,3.891376166793549,9.070488654703588,1.5726012785483923,1.3898048000367158,0.7322164172736911,3.0211529249587232
1.7189108001729703,3.3006061643934004,6.116464277393768,8.539047546871908,9.316267714686163,3.7162916873851826,9.613755937265605,3.7690494012288047,7.709330004984508,3.749269178225844,2.7137703706213845,3.0314635204224363,7.228459276291282,7.464496830958399,5.2990923352235715,3.386241906605897,1.306618420809944,1.4469213693427496,1.9409073258022325,1.7158758105795513
6.080967482382032,0.6655249657465045,9.260133925319932,2.7537165058029123,6.645756515641241,4.881110794675742,0.4466201484464172,4.271636920003365,7.728315131582399,6.100784988054235,6.9115117211129515,9.65099218570564,8.825676135885091,8.662363941917018,1.7837829595133792,8.376880608091353,1.3366034303549945,7.453678254785495,1.098984777995673,6.292676291549069
3.198778025202463,7.929128845481862,2.1859154615944023,0.23864095290269227,5.574789271099094,4.7981196004283175,6.992576115812464,9.85686963421891,4.05765784973932,6.884291252622059,8.969793976756202,2.6649486839029723,7.759743991347285,8.542614107021985,7.144435085136446,4.957214442148127,8.274676320756118,8.11856265989213,5.800636217569553,7.505120640988114
8.9451978301547,5.323256325312219,8.36872887589716,6.931945205698166,3.8055437488193347,8.72182963319786,9.285164954383362,3.829465230214595,5.422895491558194,6.481865220887032,4.467342688167063,5.559840763258479,9.15037941259927,3.5278178177184216,1.9940374970760455,8.998693310932122,3.776597364066024,5.692429678712036,1.000658424701446,2.941729152619722
9.615647358474407,0.6823694377845546,1.918378834505876,0.26894860000384213,7.153997853853674,8.946132104056083,7.270170696092482,6.8480356174252055,1.0057666683094313,2.4422520845074915,1.8225826292252334,5.740434766854017,3.858101570900536,1.8597975167793834,2.173877639509789,3.44368484380551,8.845634820190732,8.216758911097624,2.8699072593500974,8.012374513507991
4.022922269187857,6.018315336833867,9.441474915348856,6.738885020422823,7.794723054739979,7.812538173604021,2.6032547012534577,1.5536280178311968,3.449701430538936,2.2745041431408,6.095507064922465,5.720156484827557,7.606558659486506,1.9877312700077954,7.748756145380812,6.447420930706529,8.634984396388873,0.7237621174360609,0.6495546788945306,7.333194170309135
3.561264093413329,7.700082049283685,6.0110318800035,5.008189248581636,3.667406188474259,4.704972092384563,2.047427926124171,6.314347687771908,1.2608051583638236,2.6301955136506336,1.526250494548398,9.942912123354526,3.0621054045082543,1.8583216273139314,4.801564850639829,2.8323903231287706,7.228449665915047,5.301821753831698,6.755693289379487,4.057493419294352
8.713210642398133,4.017381481584802,8.265131579826981,9.778686644462379,3.763381278986798,7.3468937529232745,4.418582427527423,6.869447205328257,3.590934494610697,3.6182221297935047,6.9760214446263005,6.086068832953244,2.225132462949232,8.443297823894943,0.020746313599929733,0.5876243253557056,1.464797423265699,6.643267193273534,6.170995206572804,1.8507707141673602
2.8915215290363347,0.5225747510031997,7.0440373037857835,1.8791269704171432,6.129398944489187,5.5264621869958805,4.727046744680196,0.05636341973904613,3.842458027363916,8.78015695813522,1.8662593891818413,9.393137682396075,3.8260288861172453,9.719972470060123,4.106596253143209,1.8994519548575928,9.136199275536677,4.090403886739057,1.3512632435063943,6.962860162222498
0.6824407376530783,6.913727643108945,4.103974293967858,9.370292982322363,5.432489799232418,6.1764355148772285,3.630208711830826,5.753513630780537,8.476941772784313,5.293190366941973,7.274422388198415,3.6007327624585383,8.664337554527728,7.186758285368986,0.5079480959943861,8.030157175045563,3.3874267688507764,5.995424141883522,4.991388459077384,6.97946439531462
9.109159032803188,9.668042946659439,8.662905803072432,3.3642908666443927,1.597732334343105,0.9429310644953848,0.5726334520641341,7.595961472685179,2.4047285413924637,4.405212026854597,2.4380244526494845,8.04795812280524,4.619804672508581,7.243362813068232,8.991413175966583,0.8555285039428417,7.605691830760476,1.1793861704741293,3.596683970093195,2.906425537340568
7.2123735406376,4.750425775289284,3.3680137556399825,0.40601161849840306,6.746890669752801,7.746891339789993,0.062551966659814,8.8574912332327,0.023299346780237817,9.398533076189496,1.1886375054190312,1.3131299111004602,4.268163636705307,4.875745923939596,1.3426120534983,9.886722860545895,1.4057967676506655,7.035929732425986,1.8686097401717983,5.186315438300584
0.07075423252985491,4.161722963306964,5.4291799241160685,1.1421089247374205,9.466733025834793,0.9740942076684667,5.903224740588529,0.24602242265096996,6.824968857216404,9.53032749450961,1.0864681120732878,0.8154455938152294,6.875132589787433,3.7385788806822595,6.561741835271797,1.6868284508175302,1.1345189253094146,4.817748216388345,3.4373047045311256,9.059332278937509
2.021934706981426,0.46713298972906436,4.440772510572838,6.879604496961975,7.389770280559903,4.61982371328919,6.866436482030728,6.3628226888384445,4.44567666923988,2.964067470718046,4.958159035033604,8.571897975742203,5.33558953982721,0.35969946562857125,1.1988157509022945,5.970741144426662,4.800674022526781,8.082356741308569,6.595157693006427,8.650105790498085
8.286901095110233,7.013848231988758,7.5085760101850605,4.8088914390650075,9.285684348669204,9.72231202513451,9.273467969095146,9.700417387910177,7.918749631851098,9.399492677924169,2.830594329518669,2.6456785640081093,8.192937997688253,0.37211096104942776,6.612326802254838,4.883833483543758,4.002287014370029,2.977379999413788,4.534831260773435,0.4036013737881561
0.6825897443662121,7.043299562605255,8.127012428979189,3.709571879112289,9.773077669094368,8.028799540470132,3.837789683705971,8.620959960371167,1.3850601215004898,2.1945761640039074,5.771725611681214,1.4673366066947369,1.216476359370976,6.937771355176051,5.470964971355715,7.03364255305414,6.960098639379742,4.046205124568981,6.331318832464471,5.431128379335916
0.17837832029557354,4.605615466384776,3.6971058795555467,9.77843315835339,4.004695228009371,3.1003254466743035,2.507140934489139,5.382056241909305,6.302341746857757,3.575409207223279,1.2476934081073965,5.855660589871862,3.5018481301474647,2.303216063554596,5.548300713505933,8.00931588011031,0.8831303784125843,1.36648098330041,9.725371656796266,2.5057243463139445
4.172969281540894,7.31816638299056,7.292319346777334,5.852617996608254,9.721055222725287,1.1093746105426083,5.7765014661753975,8.32017269453088,5.055261220502707,1.691532223646517,5.732469227759359,5.920019859030242,2.2722876394188085,2.583086843892035,9.952044066990606,4.229938898335444,7.365925674942333,8.592000624471565,7.147207844868523,6.643574711220114
6.364794463073499,7.874065078847318,3.2464237912171203,2.1805553389266743,3.0526657423371493,3.6526621734535434,6.4630418978628255,1.6745249593916478,1.7143598749520206,5.7896446432537125,5.752527096250404,9.79726291325759,8.291487907073279,9.245708012821856,5.445335752525443,5.4749300530227485,1.317612390770928,3.167424853770614,7.966058111761689,9.375842727446638
9.354327103114057,9.749268790712835,1.2382157977054997,1.3680861767815056,8.33476757042279,7.831725101882528,9.643775580335467,5.105706889467518,1.3121410231280362,3.1355311412421982,0.12602400594802665,0.3328323738725869,7.1709151804261575,0.08920726281373081,7.737862284500072,4.142679191623343,5.1949022623921195,2.021748985028653,2.996801477608372,3.5517252066788862
8.551505093163666,4.256715100374473,5.105376812071275,0.13404865331889337,7.297965434556746,0.06797859994806532,0.7166222609905948,3.0905733882694983,9.766192917077614,8.049704172664136,1.239874686113549,4.338983516093738,8.468323003316296,7.246513063253973,5.966391714914918,8.069404363887301,2.9530791867388384,7.478886253087165,7.99685610193665,9.78656494506069
9.493435102478234,6.297953425962326,1.9238966706615046,2.7377233115894217,7.403984375132899,9.043100192148215,2.952193951485426,7.389551732979514,2.2980222143808007,3.7940133271971854,4.275913614921515,4.8580778461812235,2.252707510846216,0.007208122116164617,0.21826644523589844,9.145799272826803,5.461841058288504,6.5880371231396655,0.6564312131606853,5.991741108800306
7.437880454061812,9.176606146408895,9.583554173033967,4.677436260754234,3.979770280550868,2.8166460807599556,4.627461097473623,1.1645952812503635,5.363888508906611,7.510254097313506,1.2913616745887435,1.9440059337758886,3.605083911986143,9.302414209255733,1.566194019625563,1.7492055945866203,7.573183725311865,5.714339609023044,0.0025487458154338505,8.317814507640643
9.138374930541879,6.1930843277917855,4.422514292420199,5.868630693072503,5.7670007993717585,2.1340778061770562,8.151034620775174,7.713676658924202,3.7025051884152993,7.635561809307447,4.3919463966248635,4.750277650793178,6.63879668287188,8.048480366876925,7.028512464370986,3.6979159197860167,6.7952335316762005,2.4685275916015383,9.356314956739503,4.071295517129826
3.0091455086073027,7.4790154902965655,1.9682292363858667,1.806512177682309,8.20513655945576,5.629761660571582,6.42761422714211,3.1764058264070814,0.12524466631794406,5.730740939415697,2.0273421246282606,7.115258067058416,9.390176936392953,0.5816463150421802,7.777249032707139,1.4194632852942524,5.008533939722826,8.952431220737052,0.4871755696420843,4.8830726336434935
1.055730046188571,7.857479202856789,0.012887236854511874,1.1939788674419127,9.25797688308627,8.73034516957543,4.788606901163219,6.831490781869491,4.696834693968047,6.7287726273503825,7.976892567416796,1.2296492200347808,6.501961817364121,5.9141507043565955,8.18837537184314,0.39062774877613893,2.2938904010446426,5.100527559459812,9.383205111275641,7.070358093167583
7.297754442353131,8.79391963510577,4.676923755656555,2.571457444281311,0.7797939967657042,2.6221307440327433,8.14939272092888,5.197108240383022,9.877682231408446,1.1567191978322677,9.391046427969595,2.156316151840978,9.646540419392526,9.85950607675537,5.805954783063506,7.691340788160504,6.6070572412485085,8.884041641453027,3.3146856874704267,0.5527706996034132
9.505517708324366,9.519141644448212,5.060021245523543,9.119529202121315,5.545340158386529,0.5694213453735675,1.236194829710241,3.7303944048957494,7.288941835587814,2.6213568880918103,5.307238551044985,2.77708599560997,5.163108108942428,9.576451438503572,5.995572839437995,1.4634791574025985,1.0257054417909728,1.3935799508548485,0.21848940481933532,2.384372061329081
3.9326725127314113,0.9730642105835952,5.274598779612147,3.0912173842800517,4.048420469147071,7.0320655915640735,4.879688795419824,4.305260692904016,9.779637336823162,7.980129345129936,3.1162154208969817,6.944834867908555,3.1983986010104006,1.0275260084820204,5.001509774163392,1.451146404231578,2.841602986950443,7.820333774941553,3.7379721874889507,8.61473450553296
3.1031097450315794,3.9646400689716996,4.472438632982571,9.114746930171231,8.631827631972554,1.643772799935399,4.928688566742585,8.512722147846564,2.762813206162825,8.736491746958457,6.3011306968110485,7.1741466564404766,8.633313408461829,5.434291914595795,1.1971106397643705,3.6391580072351837,7.737876985099818,9.188078593184187,8.407340478076806,9.199822701756023
5.857519220113703,8.837038340201207,7.754420239929919,9.069468009088716,3.487008912916101,0.6167979372882737,3.086705259189583,8.874166860205712,9.671848263629453,9.714994445789491,7.427002400156461,5.567245263502879,5.658829586899571,9.340728057948715,3.539214420774303,6.199112029832598,2.547204629644649,2.13616692987031,9.862669660380556,2.514953555521143
7.176064450034493,7.7374500879168835,7.423939167218755,9.705943836206686,2.119144089829267,4.852089467771714,1.8703686318060808,0.5934926419135655,4.1680598435331,6.760697895190012,4.002135553065369,5.408908300446013,5.381575415622612,0.11494139003321413,2.9919951893087293,1.9057628283086636,4.746545442299194,7.106018436072661,1.0721955243835624,4.750518223903981
3.7430478286867785,1.8419041857606233,3.426761563392997,6.892008475289356,6.775487394815032,2.078720563187045,2.8922588676561634,3.338736666876645,6.677624968818604,0.24095209186823618,6.910153683845788,7.857487728711215,8.864521311865218,9.516339704615035,6.9240749396116,9.927227129164017,7.672715207855249,2.025181152132798,1.7705179406615523,5.398107199936696
7.751475892107814,5.022211634950084,4.009689578061693,1.465780006413453,3.702305450756737,1.7254783258283424,8.45288791533186,8.595356042012973,9.842668989306558,3.4762617691916664,8.248296407369466,9.722769006074598,1.5869983577487812,0.0020400369892625836,1.5594495397822006,3.321866606582499,2.7642692108734215,9.136315999347486,2.778245640857353,4.79131730309842
3.3826492312953627,8.58669414952492,0.12961105441987586,5.61962951655982,8.446599647497365,1.464532743143705,6.965712440999362,6.823082027037179,3.5355886357766964,0.42384095375394226,6.2857851407565954,8.345650781389955,4.249928151503131,7.447323893777494,3.2127800405829197,1.8053131231351782,3.7636177049233135,0.5196522913611401,2.591494522774793,3.042822962344766
9.283812245287601,0.7238814710364239,8.048819809261921,8.842458834182729,3.5084153068466915,4.848196991263489,6.843894439297758,1.872619370227594,0.14466624800082428,2.7537158123091543,8.779120612913099,5.289950866385816,3.0399266170522354,0.24886475312016598,2.399002786431578,4.56703476162522,7.1159587422345485,4.525583823597432,7.065453622594732,4.088474977449751
5.193419655432281,5.668320907111357,5.774658239314055,8.278504070727513,8.558200575609463,6.773619804236073,3.2879814517538977,5.86795636491856,6.207168665503494,9.41244192244399,2.0015681762898554,4.316607582681624,1.744397715214947,6.412887874848037,6.040516476323071,3.160273283297582,7.76539815372518,1.6292871636855966,5.267214990747265,4.8897100735053645
6.22371173097264,9.254871179874954,0.4043790508903411,1.3678308852822452,7.194519627729225,0.16443046197102795,5.738524018765235,7.652385228821941,8.194794563908003,8.446363052196132,0.5901658062894732,9.736202256886765,8.434848682783262,0.38978544840029605,3.8313087954883542,3.1178652977870582,7.8581883489386986,1.4690301660508986,7.058950811460455,5.2707704546997505
1.4543009498169357,7.595963917888707,1.4288506371486642,0.4506714898927211,8.565669339961957,1.542932097755464,9.954709627425153,0.8263870690748754,8.75671427553415,5.169322513697311,5.314457214871907,6.184888647905657,4.513405061942903,3.0994553556295887,6.760347537589988,2.1669034662168207,8.16324190115399,2.9504455739528614,8.83599257618598,5.993392579661977
2.2582763062146762,1.5810230582767382,3.6987872132644997,6.872534489728929,5.065829272252179,3.559046475981079,4.299993235697265,0.6408705047987662,3.2370095516858424,6.10928774278224,6.015721308443473,2.3016155361638346,6.758038132641584,4.954554903605668,4.340974957605072,1.9863733187239574,3.957142517959207,5.6559325747792055,9.365713849869419,4.3833837869571814
0.4280916895596243,7.567639436063768,2.674306326097786,7.475219515007193,9.588694160691762,2.039733868046505,0.6548290959447245,0.38506519468344713,9.05238416718371,7.518098157717273,4.221230772012894,0.6747275485434501,3.7908472061635647,9.512594656920271,2.3022352702652435,7.818272422286104,6.756462290356872,3.0450979931233926,6.372629524348338,1.545717884052008
5.016416901749757,8.150430319740353,2.192365642144484,1.5385374833835908,3.7775964092771397,0.5373279980428247,5.902042983458639,4.498298720810907,7.182172319503177,3.5687300628984184,3.8944624115554074,9.477758190343724,4.411286271329116,2.5020579026014413,5.983993723722625,4.95878104710466,3.5662931661527075,2.501862614432432,2.461033520878787,6.302991467018231
1.7028810919553505,8.917949154348934,9.164609879007722,0.5118999465805518,7.247909507838758,7.1206042285950435,7.8500728262715995,1.2195531363274459,6.721102310274345,4.418494002533386,3.112744616778441,3.224052145848871,2.9110261377468385,5.073034665028715,3.5766543522695136,3.8856747191019823,1.743909340901001,0.9330039597470496,8.411328275857985,4.343955003488553
8.857852050311637,0.7419648820679325,6.9987088798222565,5.73538594066322,8.58460286651172,2.559030600643626,4.571702521414345,8.949091372638723,9.117869602051963,0.6058883710228624,4.32996421688344,6.933101311968909,1.9102092643581703,7.955035519096667,7.108880571523924,1.9713020947600102,4.095246278762513,4.805655778935644,1.9934482243158425,9.00125199748236
5.051264848065823,3.4037149165272726,9.091340130689806,5.620548424085858,5.736819419631311,2.4175672810328788,5.789503476156127,6.131698774944364,6.6040960816762295,1.9086471673649674,1.7398697283743658,1.5187067606340443,6.706072712305832,4.960613054303812,1.5274911798494684,3.044904803909433,5.163024107454129,3.952412685068596,8.820815105206908,0.044895560911760723
1.383304748288493,7.321047078644499,2.841177884296686,8.100360776517858,6.244643703028887,2.939694465863206,8.349857965376769,5.569009147062056,5.611194355942647,8.39404707849106,4.269008487184309,8.965710916742545,9.926586449614398,0.46546141008471764,2.055557796422259,4.661723958378773,8.923072534115244,2.9501087471889353,4.918289728066122,6.775616941327466
4.689336794936373,7.598260346758257,4.921468342282554,9.66745103648047,0.4088098501600812,4.661642187522599,5.449229346943874,5.835548545507704,9.363290645531793,8.175573575430052,6.443513825246065,2.6158276018718785,0.6077901526306517,8.603402505014628,2.7128480246332396,3.344355692600076,7.095477964399405,2.213330338239683,3.334943661641727,9.962221132758822
5.355775469648859,2.942837501714193,3.1097054636178925,1.408250300789461,3.0494084719558634,7.071904799041415,0.3590458348833392,5.345428639548494,9.042428079529206,8.720956902360642,3.859574959857306,4.3323828934829125,5.2878029457252715,1.2669723651891507,2.0733850761866424,0.4904709508159788,2.2391306195653273,9.58870678201614,5.937779601662855,7.295623925398927
6.9865854292419,6.2396963902273805,5.871536292937014,1.626337624248917,4.732113721787604,4.696603864755712,1.4647774524031987,8.121423005222404,0.5671708087677474,8.748586575560498,8.257339472842899,9.855810501449195,6.46568786184646,4.13018160585965,6.22881636089461,5.13958127277056,5.949969545995419,0.6729952937592931,1.006060618504755,9.228569596152363
1.7568749144888318,4.389828010977825,6.142708888536411,7.22959669850045,4.157406039842638,7.896289989509024,8.984222871946624,3.1631093789545552,6.903643229050024,9.931630130441931,0.05073688156198908,9.52784773818636,9.633432764328942,0.9847601488128099,5.257255890959413,3.2089145345944257,5.540892275210294,4.580049802627605,7.637096902174946,0.2094012622285213
6.639886494615665,9.277245862868217,0.9859403459109206,6.230420417980421,6.078736553000745,4.43810445824699,9.439151858379006,8.53543140752566,1.2193809798259425,8.191053712658526,9.68039293742682,1.6657400040359915,3.9907600480891747,2.4560293873509,3.61295075296884,8.771271618008411,5.0375336958410655,8.023576548111011,8.031384932090193,8.696616438783115
2.065329676230369,6.1478049631964895,8.569360663128148,0.6272564850303108,5.96718625289988,9.485132450228571,2.4534700368059803,3.862304383176073,7.019756575339045,4.5507145269954785,5.837365214894018,3.7994233491847784,0.22830698291993579,6.043034771742295,0.2565752497406293,9.131084831370153,0.04396079958744137,8.618078569667048,4.689981421383064,6.4162587099076465
1.951976925563681,4.438430539696854,5.044255910263587,7.015525353295774,1.1202642563004495,6.632558140796955,3.5323282535467104,9.092403473474578,7.792701780704489,7.1826255223699444,1.903177434550527,6.185759845399098,2.1052000732915657,5.404634854072736,1.1590184925119762,2.1440410034665636,5.846171261148725,7.2958561865741975,3.8554308666269597,2.602754135498444
2.664898401391722,4.759434138851143,4.79284080174347,2.2058701573034223,7.532385418971951,1.8968757804123837,6.838848695341877,2.6400300297306742,2.8264704424418396,3.9334775357348994,0.7373534000636073,1.1448185877474193,5.748180140078479,0.8054090064164132,4.028265841831081,5.910940407550768,2.23507631050899,1.2339717754991741,4.825252786918849,4.687386263637187
9.097087418749819,3.0097770031190683,6.415429618689485,8.606682822802792,5.969979832436273,5.792993365883106,1.1960413683180382,5.7533846245156255,8.868263099394506,8.090749197259727,2.6898964787918587,8.047098113662082,2.2946252931526523,5.681300274809739,0.153685985109413,0.6512367058438417,8.94910167308897,7.379252051970527,4.60774711159055,2.920524417066858
4.405489504187323,8.194423850236918,3.9699297256502595,6.083953454791811,2.278497450277751,5.253224677070662,5.004351812759644,3.074318886095581,6.543957854418691,6.68652975214838,4.064567377986274,9.157243235118179,0.5664283809985238,0.623014234675151,5.267683561398537,8.147056429542419,9.215668240482657,4.794972334136679,7.3057039945813145,1.0764276580152121
2.001787698462998,5.281492534986882,4.2835820820958945,4.586622137408383,5.623902453237689,8.959737282271696,7.583413826749579,0.4605048950713131,7.871534861849337,9.111997469640514,7.142091958630518,0.3377551546843771,2.633534432936424,6.150046612163865,3.9654593205807984,1.735867775715857,4.1242928867947795,4.343012799044842,4.764178267594078,6.479295010478118
4.579287335337282,2.749438129186208,4.154904037203955,5.4955410855472575,6.746076248498074,1.2705136863403843,7.464430878325308,7.663606608070924,5.681025021444025,1.6731462479211612,6.031871666740307,1.9767273776696326,5.858700901426501,9.18809195506072,0.47473980299201357,0.839322429030942,6.787209067357409,5.36820216191134,6.555384075268988,0.9190647443342015
7.029702978802218,6.537138487718615,8.08308113545447,4.211236264220314,9.286086840332025,3.2495794686011257,1.9298880582456313,6.0095156161193355,8.233395782212952,8.489204749708327,7.668359321575357,3.9149690983755416,5.00633030183508,3.3845410968576006,8.484069779262871,4.976409068282007,1.1372461995042382,6.281292843222217,5.393105768322445,6.322351172984125
0.5924377530819014,3.6040570949948956,4.817972963665759,0.3059060497371502,0.08063275615916576,6.808796308811954,1.438030599248411,3.243904254860157,8.643566385811617,8.757640723435543,0.5887948075032223,3.8739883496807446,8.424212383369413,2.045077297667237,3.7430257964850244,7.25707862138953,4.76913307240072,2.105184188271967,0.29326263873546643,2.7414022128755233
7.105289228391987,4.355089594629335,8.71142828805673,8.361360579472802,2.190814225996588,2.493969627624857,2.3272267985796513,8.65971192205945,7.073472705047578,1.1910326786639525,9.94571905310482,2.5318735416778146,4.036644475987064,8.126235382371213,9.044259724963787,7.851826111480155,2.4504267677285507,8.165379467406682,3.5106634451725083,1.5212823103983197
7.548087986116374,0.04212411470104871,7.069532058195092,6.4473264763155145,8.494412109754158,5.005477169018596,4.159112443910708,0.9084365740485301,2.337782019247967,9.678509165409036,4.16208809479751,3.9107381885388115,9.740366280807576,7.011234214730341,9.481524282271863,9.023515245270085,7.67813698408921,3.1443311718515323,7.822385482856344,8.084744082292133
8.778463983733824,6.916712790331668,5.432978647154334,1.494765574787209,0.760688025078784,2.472948279251368,7.736374410668775,7.898279497983276,7.101364124885433,6.171541994656061,3.2633904697838387,5.365752390281826,0.33124605116587436,8.519477712155156,4.0634992491094755,4.4814967324140955,2.69485492403844,5.709803980025001,9.563100788613784,7.642121990926773
5.471135100584858,0.41558327684337093,4.793840235191996,6.824683932645279,9.422027011714551,5.825818940665817,8.134044321516175,3.3900522353885663,8.125273094395071,7.448800197875004,4.937209236435515,1.3581591324608122,9.75187909650916,0.6399511698077998,8.899841836025075,9.507938814117558,4.689846679571589,8.704897510182436,5.338622615571758,2.1588300783120165
7.9256590977594215,5.359351463173166,2.8946899893026434,0.04116794419040226,2.9596862214850095,4.38642420983585,9.914207683647835,0.44993946627047143,0.10665383732182065,2.2260997393708637,4.309100980770531,0.9409185599019565,7.836021841935875,9.050107824361856,6.519410129405328,0.7060586052836548,4.224127158865514,6.420050477324306,0.38092033034010764,0.473600463078343
8.151716364094664,0.5474563343478189,1.3886734343069485,0.5503294037394091,7.081674821460934,4.456143507002215,5.219546217736238,1.2311760027337848,4.172959845080183,3.1788768705085824,6.877583786639008,1.7964643746501818,6.325618152402095,9.032048919879971,3.3454611829482372,0.7014424578622624,3.453834286345552,2.6983034819563256,0.8757849084862701,1.0467693661800848
8.845381745045728,3.9749582483139845,6.979067186796012,1.4271401915457693,5.992871065973469,9.894335183832254,0.22656077209832315,9.631200617021715,4.156697689400158,2.1129310764264844,3.0859951551103104,9.885928621137488,9.342600206516652,9.959127626766843,2.1556632696776736,3.2482182465012324,0.6821106597957449,4.1245305047851675,6.379359382266032,5.124056595792346
3.4214917098416797,9.86142828214054,5.506405712577794,2.915119075700604,1.5889662527228032,9.370471270251336,9.607927556893031,0.47041410765056857,4.97975270642006,6.710604481416874,7.656634989711582,3.9260003219104433,2.977125408114202,5.067634320438668,7.526750365014848,6.213520094339145,5.330663392496371,2.693374246277993,7.96976411726162,8.375895271705607
2.9447543276490284,0.24915122328289296,2.6196897945007835,6.820935100751465,1.4961581134640467,2.0074960895231753,2.045915560066318,0.502859401070872,0.49306434150780176,6.762522009018746,9.781415956527194,7.392368077375732,4.630260815915056,6.910762089758606,3.055895481243817,2.159155682092282,8.485382034101415,1.319792760558357,9.820526842634813,1.3466581740423211
8.4832020216228,9.08684165928747,4.589347026950809,4.0286151352979935,2.4082969581145375,5.651334343737819,2.83158950982346,5.638641074572713,6.305563393536236,3.5143586928892745,0.2096399852132591,3.8328451788942006,6.5124480542768195,0.21210324902446565,5.0941843175254125,5.977626363898087,1.1228297223077033,7.792890582842551,0.9348264947484219,7.908404001297712
2.8049042973633553,0.10519634900512997,1.7008828326665903,0.9211702136666866,0.5371854918760222,9.895325583012848,2.3920813785473727,4.3408648659535585,6.32569358413196,3.648917238151369,7.91205991281429,9.28765195158968,1.1831510759351993,6.508426348907729,1.1088544685820478,0.618873785798778,2.6679540452548265,2.360678994846536,1.3849968531713652,1.743888711176692
9.917111478528419,1.2227364010264719,0.40934148010902893,4.109357490003731,6.6043456695109555,1.3787283437534126,2.707971059843657,0.9826039347507032,2.6113085942949366,4.191401250104657,4.955490010567194,1.4152213570569228,1.9846896245475032,0.5421037136046392,3.2089787242934573,7.387278409714692,2.0161273889892417,9.093116562773673,0.784074530575678,7.05108078319353
6.1890547784719985,9.520846289888834,7.066104269222032,2.0462408377133423,2.179825073407673,6.898456110519647,0.5262003053891451,9.182742720447932,4.026761984217817,2.8225250659466505,4.914398650466623,7.910905782620898,5.316640342259049,7.703577158446445,5.701507689491235,0.8195993451485517,2.0802240845348363,0.2766501159981727,7.819853787793786,2.2882244313384312
4.394109575990939,2.2734557244164675,0.37679727510632866,3.096408609783797,2.7558325646315316,8.093353986403933,4.462992318358082,8.350712211219149,9.924917025069051,9.319888113163323,5.752516791370387,4.9606137478526175,8.361057566669517,0.17242821503576478,2.283288551936579,0.19660355213936942,6.801705077042355,1.586314101657501,3.2664286763262176,6.774614960679095
5.234914153344308,6.430203057875072,6.630845279396199,6.244164900560946,2.2209240892150417,7.93701245982456,0.10370024436319736,2.1677561837063566,3.2641925969161267,1.7393416284303276,6.597177140136811,6.32530831224299,0.5644233749547312,2.785356585348363,3.6525586955837728,8.536253651944751,7.370857966897642,0.3346647081930787,7.1522075351308745,2.2251082167482714
1.6572796959725056,1.6291361247195946,0.243486907812972,0.17353541014069385,8.505191114240906,2.3711063580934075,4.365029102122379,0.6480468990978516,0.5041244910908915,0.9231880601040554,9.236003264657553,7.554299621118879,7.504403969631442,1.3491003964478887,3.606050558247622,6.698491049369436,7.96953277152708,2.324505628268385,4.664712859124381,3.2689841488661475
4.786573884795803,3.547015377184862,3.363937376213759,8.301502063792364,9.726173963062418,3.821466768430107,2.6184055780725,7.619089209392133,8.73193091883542,8.926172119635881,5.816016210232777,1.6062445183877039,0.14413332989241856,0.1911093734224112,2.568530590055226,6.597629135086672,6.643442817397314,8.46041901334904,6.922606040205089,9.036415004268438
0.490059033329483,8.58578679765474,9.044677960334456,3.7253251175643944,1.0556318195767789,3.545236693454555,6.895501425807861,7.0053275276567835,3.4635446948513815,5.434274003205411,9.344634575669993,5.181523487554126,1.322363033341848,1.3961961844677784,7.961931791188305,4.2453016407128095,5.508829271250328,4.277738063742968,7.736475616034627,6.2513376412166295
6.2421642668882935,3.9899436672366875,0.7159880606887126,1.3221581710634889,4.697011266209952,4.577075284171885,3.4915887981646945,0.3973600597514315,2.0400975093708684,1.472161046970334,5.519997642450293,5.575382162196684,8.964222040095475,6.511016476427788,2.7750587144447616,9.700883943346895,1.3690807359864965,0.3271742759322016,2.328676673745581,8.284922521234813
8.006523384850178,4.7100549798441,1.7388438400742645,3.870378531405038,1.3408019761353807,5.155911131192754,0.6926556103697812,1.3200722455051428,9.52451469761173,2.1644323420447464,4.828740034175906,2.573300251660098,3.7049793928031383,2.983225377430836,3.1785996854066836,1.709702421858037,4.008158217909076,4.1174838077889735,7.539623583917535,2.9583420529281224
9.394817898017548,0.5011138493547396,5.23685905546983,6.085929410074772,9.957209182302659,0.01740441230706158,0.4721984202727181,5.836447465288988,5.326971785744069,6.886686082021548,7.0518432406433105,3.8402854462456992,1.4089721473173167,4.188025456166931,5.67533294796243,5.272420707517659,5.951265228261963,3.6573080517781156,8.793393304610277,9.476059831931119
5.233010158767369,7.10086230972879,7.979305382430542,1.055543669697272,2.317901824694666,1.1226956621189854,4.025548694134611,4.50267976648532,1.2914306592683833,7.086487558987131,5.678633267498928,9.613280503588381,0.4725067237617264,7.217731381102674,5.400316600644171,0.4281038579321905,6.559308291304554,7.0505151587849255,1.3580930017464021,2.7182561129380467
5.572145061578712,1.889556762495086,8.538611370665484,8.900270694561453,1.9669269043318238,8.91998422760858,9.922054562434766,8.48220737836262,7.7745187530500335,0.2521499772912561,0.27144193806818984,3.6977738474355046,4.356768957375059,6.705646694088056,1.8355436570295003,9.196325207776663,3.7070719983071267,2.0120367516113555,1.5551384999188311,7.908042602707985
6.652540258476641,3.8066153551743307,2.492526262411249,9.882288596113174,6.265804189542324,4.805849163572299,4.123225762923509,0.8017537227446248,4.931015590269454,9.24170091017672,1.2262151061737547,4.304531689953102,1.4522299427948415,3.5512913030007844,9.912052416884485,9.396788704877213,5.464959950547424,1.6669055251814058,9.99289359755741,1.9349441677426749
5.0849100424503995,8.566908295335594,2.9361033558208494,3.8087235347247015,5.541686563419976,6.45904139091315,8.546710638691167,6.37200406377308,5.509451630145765,9.70582215420407,1.4158144742428602,7.736320643063678,9.199261087279462,5.215847702440485,6.776786689581003,2.932601989939311,5.754175136179324,9.520116712668198,9.692373142084099,4.470562607144744
6.722423437184329,2.5089948892125067,2.915789573365698,2.407325369337009,9.735008888260348,6.4272652544639906,4.240537209134675,4.582446388312786,1.5690125953955736,2.4356996671741693,8.878371717662766,8.772191765655057,0.21638154780649455,7.190793539448629,4.889085032079329,9.760141647213429,4.681063184158769,9.040534240322716,4.690896454987493,2.4904599919710133
7.78172614648806,3.49470895993528,2.4917835359065843,7.4714439757820195,4.4681759456756325,5.940799833361386,0.4128281714411375,7.794619728619815,8.664997242735414,2.7175221163395813,4.851021274936565,2.8242004866600787,2.6757648831234073,5.175496439269242,3.2778864753085832,5.328857675935593,7.22518317274707,5.45758307226588,0.02133527062052165,3.8737932388786787
0.1654325546340485,3.773994183116968,5.35559935430967,4.827723033107309,9.559389029027214,4.712308106029754,4.619051648304271,1.5512077249833989,8.529316535787022,5.561747016161148,7.250910982603349,9.334391344314646,7.686226586241745,1.8281533047362475,5.826875727577717,5.912711196605491,9.670250405129053,3.7545369389292906,6.690488681567437,3.1131744061608444
1.532814581361699,0.9814732793255931,9.445246444698004,5.208902001018604,9.339411103511258,8.641756754185707,0.5037323168512864,8.661883215325435,7.750943699341503,5.416390408090686,6.135960150213973,9.078765711245353,2.4293159575313803,7.366144648304605,4.333622986802911,0.5029682876050146,8.676998052504274,9.24605846338755,9.99279186992765,5.084261857615657
8.584135585084411,1.938200199484289,0.490047747826059,1.9405694544341112,3.9022757087475366,7.859460152736139,4.811596802594751,6.495541711856905,9.828848134951228,0.6506298989697978,5.7224577893588595,7.435072144848941,8.835312427498772,3.0834496406334946,9.9557681802235,0.4650771388259012,1.672800105362443,8.009573288391012,3.274759073888567,5.973578034144756
5.214200237751173,0.8465759472950829,7.693284318884041,1.6987242869743513,7.8619291122341455,3.422345490154639,0.5131533098523722,9.075934671474702,5.84234589005214,4.6959541429100105,3.9589606132359476,7.833275412098332,7.84650640357444,2.664885871859929,7.776746721019471,2.9200918764845305,3.1489843047695674,5.036181141365458,6.2066230286622375,0.11055285939762793
9.39770753330641,0.10660593328302825,4.826224198174125,4.22635348071233,4.499469726173143,9.828982483860777,3.2689827872915647,8.271191057539685,4.475982321913,5.629902323303871,6.583462861803307,8.001881580607652,9.554873959035977,0.22255192020659065,7.220171336813768,5.4565308983379515,1.9876402371068735,4.052547876941585,2.4704092483575693,9.75973425836803
1.5805237450711673,8.761787674757723,9.715524356926473,0.6854052961322366,0.9208726384453259,4.837755863727842,2.652013981773705,2.472285687295436,4.359763623956939,2.780164382491778,1.3954835538787935,7.213295604241728,7.611084141524422,6.217200590086046,1.2327258267765706,3.4479971512242056,7.466299929959469,3.242624661507707,9.887042625619832,2.5801199604671243
9.087400132817677,7.919827481698697,1.1414437974537672,1.8921318928685116,7.6666768513009345,4.915815436077004,8.475760709992885,1.1871689762328097,0.31994892117722773,7.825124693075321,3.6781519534238605,3.080136352025906,4.510397782924001,9.181639452078208,0.3770808401872505,7.889890153487361,1.3455528387607651,1.5671318041386995,4.405868850705975,0.5585610232518623
5.248494542989639,6.065203382514052,5.32948093581194,3.923739316419259,5.728692012525528,1.3952859564672548,4.283907732232408,3.0803642570435397,4.372106341355927,1.8990854573651417,4.3253548983115175,1.0542383979239,2.184793300221075,8.080645549798486,5.8089122210866675,7.532637803678846,9.100312122274039,8.454891765404696,7.881405260675194,2.9492622675167923
6.012771717002927,6.87369404470711,5.567096520053912,3.0102456728443414,8.236593457661733,0.5611267992264324,3.538055341246195,8.006290225868193,5.36177124891508,4.649988716536805,8.579001943312818,3.261750015612467,6.106230811247358,9.173693180910018,5.3125463758773535,5.1162279430479956,0.7062546724440222,8.238779229929476,0.812261060246543,6.934244505840711
8.604851632612808,7.845353115136572,6.6397505449096075,3.7304196603448423,4.46176035625588,2.1669216578128934,4.713017681478435,0.5483072178770354,3.8626614859129296,3.0422682316537686,5.839148162665583,3.2592927597151933,2.80873746618325,2.3383233344337895,9.947735136561912,6.953227413053156,8.535482310815432,2.249391519299736,6.245282145006041,2.436333491088961
1.9253548159211875,1.784090975796736,0.8810329152500418,5.895457200703525,6.514519933919515,3.0824336660276472,7.501441456423946,8.255111382688543,0.3879696836886548,6.192686856914344,1.2752899628271486,7.228408232246492,0.7906135794191183,5.708912667342256,1.9964950007069082,8.322771323816822,0.16198810892621873,7.66252512496577,8.899797659398718,0.9267772868862101
6.4475001464012704,5.062327173346829,7.669015324754689,5.569264627667948,3.0471565189635417,3.9164974568878383,5.294114908071154,3.2819675828252315,3.5199984838602316,7.118924258205461,3.715715561382622,0.8125494846414427,9.619881868355165,2.3411308591762694,5.102812324378368,8.264011141406174,0.19959460618953928,6.445704640609188,3.1048767120223353,2.215666968601714
3.202507961597052,1.6005116047811085,7.161525486092989,6.979502532142665,2.6754786196104474,0.44463180640385236,1.2406597919438134,6.7714430513149075,3.3798960084183074,4.681544020560632,7.592726601289445,5.11853552303942,4.9678985217473,1.2847267086029401,0.7595899522366356,9.36706153573631,8.015647515841845,5.350211942068354,8.190881088017859,3.03507748826497
5.037201774217781,8.968625685513489,8.74788783396509,3.0042433724449644,7.645266835049858,2.6654850370318406,7.552427312768321,1.6285096380256514,0.7072089076770227,9.91778372019729,4.880658472312977,4.975610444120458,4.931417212656218,3.3968693998683666,6.951916522437868,1.2827372778439328,5.476117695586771,2.3886920917146193,6.0639645814996666,3.193553795246383
7.55326952433925,0.5215693397704757,5.5634517675844215,4.658547607240572,7.838457994246761,1.7362268834889771,8.275735747223877,7.8275356014127855,6.27222406637355,3.946943521679671,8.787306000305602,4.241233903350596,2.394796326243479,3.7211411271753256,8.308409841293262,7.005742884516066,8.910505616463238,6.197496108753064,7.4529427872146385,0.6797428885880108
5.084923211930324,9.265143654564262,9.10484316239309,7.831265736607697,3.630553066212184,7.340660590338924,6.1124683437407965,9.522758994007376,7.555763113281927,4.688203547951623,0.2500786391691934,1.3492538928493447,2.964314952840621,8.512569742440304,7.154529750458753,5.483213760615184,2.4357838221652486,7.586310383204248,6.332850182308601,8.24256568981551
9.085282197197449,0.33966474714567596,1.2348903961098945,8.724082683488353,6.450398627828267,8.633068507807373,3.2366653041481594,4.0777410654669275,2.3882089453747146,4.650673170112527,2.7370898436320026,8.640520186792727,3.5389339355896086,5.997361197520604,2.394280685685022,4.570569833812078,8.447067868353477,8.289431742763451,1.8930703585843145,5.679664390134095
4.9087405194069555,2.8329564167002683,8.311451193644992,9.938995456150382,1.8841724614339028,6.126622776213174,1.7565069178678083,3.891102836855893,6.3185908398285,8.85166956768339,5.7211890029704335,0.5438728034343621,6.18297961886645,5.559198576654396,3.8057849070465775,4.489529753323161,6.145773995381068,9.547038019556087,7.687041486674354,8.075829895184526
6.543215567468248,8.066848404905146,2.39491537135431,8.511042466056937,6.056672898025019,4.7272090612266195,5.217630841399302,3.2683418086397023,0.5132047148692975,2.66968110968153,2.7261343301236374,5.989040268227097,6.723247566133347,1.9683518809264722,3.3139442543908606,0.8435442091183154,2.6256676423742995,0.8267573172386478,3.738565752844462,9.102836788638884
4.940865914774602,6.160197670414754,4.595045965584719,1.2690947004489017,2.3949327643436344,4.253846563663558,4.351862067838543,8.55169316382933,9.918476417819074,9.479554383480425,6.19179158602242,1.2582186323510225,4.581623871450105,0.23253433342313778,4.920589076146534,3.8471587319076095,5.637528716003903,3.141945406716211,5.576632233763878,4.423900251949747
3.875651949080626,2.836734551949067,8.121050503213182,1.6727911191499456,9.837040007881015,0.8508027958280961,7.317989385758638,0.14338172208799072,5.072075747382023,0.23477223726035557,9.34475969179912,8.27485726251499,3.465324443196234,7.562586414676345,2.7832425255002144,7.0519054404850205,6.054941082459074,3.3716331163017657,5.727903546181806,6.177166321688868
2.7366558705028208,6.495335694990072,4.343050408194223,1.2984023510911802,5.919352608551779,2.149376607211427,4.823802887250511,5.172185356394595,6.661847008093883,1.7438418830322966,0.9208372487704641,0.7049327327732136,9.351754636305314,0.047442796294030476,6.253639571942813,4.421252664601805,9.134887829376567,5.34119496146353,3.4558363146353432,5.454192857865899
1.2307713146032018,4.145818424147675,0.49778619606019814,8.06573039903009,4.122074417553203,9.268746043372126,7.465805821629586,3.2756362104768377,9.502519660366872,1.3313026124128147,8.456634558352807,8.46990268378884,3.4389137162250494,4.862443814285966,3.505065780207184,7.723867386089065,0.6003273412642529,1.0283491963048463,4.733718481266752,5.382658359946946
8.948083649609526,7.64496713971631,7.322135155812804,5.977226912456168,8.330025404229485,3.4024799719037766,9.887978382865288,7.535300877928277,7.692462545165068,3.358825152505932,6.207962372066946,5.191359588001779,5.556029192990772,9.80873509304229,0.7980332596224227,2.0865303401344137,7.979011327777381,9.526327923716938,9.981217803691024,1.417256416200131
6.701454038745968,7.353715468676874,2.1606787828797867,2.587410364888052,9.876937664069988,4.655408937090981,1.2767823183220883,4.748620380120388,5.732396281391879,0.4439360120842406,6.5308067859659245,3.8453355948757038,9.24308814536836,4.773537438725702,9.912585196267951,9.13941137995587,7.07142571260348,9.100666622600293,1.3550460969359046,9.104675807409897
2.644052371955048,5.724492166688534,1.1212985472464776,4.749018608775913,8.671716238623496,9.700972201513965,4.552750143067285,4.803470514983639,1.9007176259747816,9.058887746562936,9.583641377491364,2.511181746429715,1.5924606838703503,1.1872429786642902,6.440456954053481,0.7515687376852043,5.8334089924434736,4.956764933454837,2.6535239537321376,4.779740591191071
2.91928065787478,9.169044041995932,9.505082980444293,6.3028821363360965,8.447110026758974,0.46563258102143235,7.093966143382845,1.680364200091392,1.9085928042273836,8.585979882568939,3.9854024421493026,4.375939646469321,0.30677695121668624,5.422902723922165,0.8751712293377767,9.107295192193495,5.603427968457231,2.2819128445991677,6.752939146989178,6.242558911659879
9.576830530799892,3.9743029989743874,3.805231799676392,9.548341322255695,3.991358528956078,7.397110319861483,3.62932637492258,5.931268579975847,7.801332159432049,9.06375661147903,1.000869506329406,7.669936667014106,8.110229517160167,0.2680653930624599,5.4483045825731535,0.12379319868589533,3.800053758620332,4.572742232802394,2.043628127862048,9.911714786383847
1.2190594277505884,4.4112720523085445,3.7164103548663063,7.2991830526040244,3.168709625356084,0.41677713957411155,1.9420092470142714,5.824315596914705,9.945804034743682,0.341136862550363,1.4300798263137016,2.1754279877279714,1.1107285003451406,7.093874427885765,8.679147051301108,9.269197200497828,0.9025359242796382,3.370907393229344,5.4707970995596735,0.48923822137665773
3.61057004073134,0.6967015140721688,6.364781434734514,4.351394731343101,0.23111597550395602,6.849659147162495,7.177273722346475,9.484983406897912,2.924253248455242,1.436723988827645,5.265475691327243,5.036158420748493,2.1841843103576055,4.754009754436915,7.5485312942945,9.42831946022665,1.3243728280784361,4.287716739350344,8.447421884067502,3.186869625629005
8.556852407250025,5.355205907269988,7.125276233601779,9.230900590280328,1.9353604001345903,7.54375408288395,9.363350381537114,6.512444805200373,1.570309743003876,6.70739473047274,7.892259563427361,8.570322483741004,8.236971587579827,1.2816430298870973,7.05487074452217,1.8481309045680916,3.2439857037743924,3.44880797686442,0.3768955263846929,7.827817853643932
8.492758382440828,4.565719515669153,5.161645929944706,6.246535565647094,7.243453086631972,5.953116973618904,9.440991018401023,6.777003821531816,3.4483154659421364,2.4248039323684942,6.837060977930714,5.388286305308547,8.029937473892701,9.44703881270938,6.9865654102034345,5.987596080747419,9.007116550145088,5.5504232426933715,1.2672124062778012,7.7075656946514
6.992511675916457,0.49521089246044925,9.202479384906235,2.8448122140919,6.336965013625822,4.42265766866012,6.676352852615075,4.554838184223832,2.0758575768238883,1.5833842586403946,2.031218157567035,2.5752660732975405,5.742324424440824,2.179865660719705,0.7599222161432961,9.252797056065207,2.821394151628035,2.1692969155668997,2.0427344139483674,2.561211878752523
2.1002715039932687,3.5786150901938063,8.77550446477821,9.745081653365471,7.999346407993736,5.908873757043231,0.714961729211222,0.2930113928783751,6.843051675582736,7.363813135670877,6.025521834242972,3.9672355233968193,6.906980331045814,0.26468498953559405,3.6856283736688655,0.6779926742257625,1.2871134157398945,5.582382949839414,1.1063181284813273,8.481147817968635
8.099227235290968,2.5099740962612893,9.267793875836038,1.2556686666872963,2.135994829444413,5.968576458586038,7.066715766487469,9.550559256376745,5.174933379509879,1.5865163381445169,5.571268588088307,9.560081595195214,3.233891824333426,5.103306680038901,6.997453986340247,0.9340737889183259,5.401983905126331,1.1156491509791588,0.7297745633789177,8.809309988642354
8.823524732287003,7.560254853188195,5.060015490829185,2.540192763528779,9.10389981241437,2.050948022692646,6.848128350500358,3.2672367688061845,4.700316693651213,3.7629710139294072,1.7015877217288289,7.945612422279993,3.9366121981729005,2.8004203073191247,0.10871934095602165,3.5973403518571945,2.6089521659787076,3.6713293933837576,1.8576418598919164,7.796790287045257
9.277501449215372,6.196106310565124,7.456836038205271,1.546630489086468,4.002658028362412,6.910917053565534,2.790211717904479,0.8483277787383792,1.778580508216694,7.856168287694871,0.7419187721956366,8.188434881472087,0.38386820013579515,4.539177866240235,5.121025932386648,5.370926153754942,6.21067658291088,4.709452663707822,8.936284306050199,1.6206876506884471
1.5424071346626267,1.9366746817629998,4.031561792864974,4.305599792657892,0.4206748593850651,0.6886081010246048,7.911211188129492,4.670183427305069,6.0948756031728895,5.282170787667646,8.99865049690256,4.753721112750981,1.8879998830867106,4.641223395356886,5.037757271204527,2.1733370691185416,0.6689862094471699,3.451688280205012,6.591620477567799,6.137360925575934
7.950143439548189,8.870157779483778,2.1329655236584557,2.544118876119131,3.5416037282923165,1.6125457960486822,1.736483510280331,6.347698955328611,5.942157764784683,6.990831079497985,9.90960750455346,5.329585246817353,3.9197008979865022,1.565680413659164,8.076857416880493,7.609484908964398,7.4513479668885285,4.851457316337051,1.714782685927051,3.9186403942122574
4.061833804028494,8.0416837444994,7.347055336273262,6.7467780223777485,6.91368808226234,1.9283880781510876,6.900381245868207,9.542047364832891,0.9231397957539933,4.927928959960127,8.859360447658629,1.3115438020052916,0.29398652010930393,5.67673475577168,0.25204158805210763,1.5590471400471628,2.4971899325882383,3.7358742555911295,0.7908331568705673,9.382788477200897
8.615463732259377,8.164054790394555,3.3797061901816705,3.477583063362828,3.760883181557928,5.659708895689734,6.45940342122985,8.990926680289773,8.927820579915021,4.350408458827419,7.359944257333454,6.183056482451357,5.820402245806697,7.69515190824335,8.448081992548955,3.8925754500778167,7.281000920857627,7.950571084404531,0.89649147822212,3.2083221282620156